TRACT,Geographic Area Name_x,Poverty Level_Original_Value,Food Stamps_Original_Value,Disability under 5 years_Original_Value,Total population 5 years and over_Original_Value,Speak English less than very well_Original_Value,Other than english_Original_Value,Spanish_Original_Value,Indo-European languages_Original_Value,Asian and Pacific Island languages_Original_Value,Other languages_Original_Value,Naturalized U.S. citizen_Original_Value,Non U.S. citizen_Original_Value,Foster Children_Original_Value,Education Level (Highscool Degree Only or Below)_Original_Value,Pregancy_Original_Value,Low BirthWeights_Original_Value,Unemployment_Original_Value,Uninsured_Original_Value,Age below 5 Years_Original_Value,Population 0-5_Original_Value,Free Lunch Students_Original_Value,"Low Income Tract (1=yes, 0=no)_Original_Value",Food Dessert_Original_Value,No Vehicle_Original_Value,Zip Code_Original_Value,Divorced_Original_Value,Seperated_Original_Value,Unnamed: 0.1,Geographic Area Name_y,Zip Code,Poverty Level,Food Stamps,Disability under 5 years,Total population 5 years and over,Speak English less than very well,Other than english,Spanish,Indo-European languages,Asian and Pacific Island languages,Other languages,Naturalized U.S. citizen,Non U.S. citizen,Foster Children,Education Level (Highscool Degree Only or Below),Pregancy,Low BirthWeights,Unemployment,Uninsured,Divorced,Seperated,Age below 5 Years,Population 0-5,Free Lunch Students,"Low Income Tract (1=yes, 0=no)",Food Dessert,No Vehicle,Foreign Born & Disadvantaged,Income Constrained,ECS Screening,Key,Health Zone,Name
12031000100,"Census Tract 1, Duval County, Florida",1593,323,13,5004,137,360,288,0,72,0,435,202,0,902,0,69,453,768,487,487,,1,1743.396556,420,32206,973.172,279.296,0,"Census Tract 1, Duval County, Florida",32206,81,64,100,46,16,18,29,1,15,1,49,32,1,60,1,62,97,74,82,100,53,43,,100,53,94,48,74,79,1,1,1
12031000200,"Census Tract 2, Duval County, Florida",855,185,0,2283,28,52,38,0,14,0,35,29,20,655,56,37,207,334,99,155,,1,1783.696402,210,32206,278.388,95.931,1,"Census Tract 2, Duval County, Florida",32206,43,37,1,21,4,3,5,1,4,1,5,6,21,43,27,33,44,32,20,35,11,13,,100,54,48,18,49,34,2,1,2
12031000300,"Census Tract 3, Duval County, Florida",998,136,0,2137,0,32,14,0,18,0,0,0,0,699,60,28,154,467,271,331,,1,1699.117202,163,32206,274.5,111.63,2,"Census Tract 3, Duval County, Florida",32206,51,28,1,20,1,2,2,1,5,1,1,1,1,46,29,25,32,44,20,40,30,29,,100,51,37,18,48,27,,1,3
12031000600,"Census Tract 6, Duval County, Florida",1761,390,0,5415,983,1293,444,39,795,15,285,866,11,1121,186,53,150,999,488,674,226,1,1500.356103,418,32247,548.64,194.4,3,"Census Tract 6, Duval County, Florida",32247,90,77,1,50,100,65,45,10,100,10,32,100,12,76,87,47,31,96,44,70,53,60,28,100,46,94,69,77,60,,1,6
12031000700,"Census Tract 7, Duval County, Florida",754,75,0,3926,198,434,94,73,247,20,166,296,0,237,64,22,123,349,324,388,,0,1120.011684,96,32207,331.248,86.832,4,"Census Tract 7, Duval County, Florida",32207,38,16,1,36,23,22,10,17,50,12,19,47,1,14,30,19,25,33,25,32,35,34,,0,34,22,24,21,20,,2,7
12031000800,"Census Tract 8, Duval County, Florida",298,43,19,2504,59,302,138,83,15,66,162,67,0,133,25,9,37,300,148,173,,0,821.7429348,209,32207,483,24.15,5,"Census Tract 8, Duval County, Florida",32207,15,9,100,23,8,15,15,19,4,39,19,11,1,6,13,7,7,28,38,10,16,14,,0,25,47,12,16,29,,2,8
12031001000,"Census Tract 10, Duval County, Florida",850,0,0,4295,150,313,173,69,60,11,177,142,0,1791,57,16,41,427,6,63,,1,178.7873688,579,32202,631.368,247.428,6,"Census Tract 10, Duval County, Florida",32202,43,1,1,39,18,16,18,16,13,7,20,23,1,100,27,14,8,41,52,88,1,4,,100,6,100,35,46,34,,1,10
12031001100,"Census Tract 11, Duval County, Florida",313,65,0,1694,20,81,20,54,0,7,25,69,46,241,19,15,54,263,90,109,,1,792.7864895,174,32202,346.332,39.494,7,"Census Tract 11, Duval County, Florida",32202,16,14,1,16,3,4,3,13,1,5,4,12,47,14,10,13,10,25,26,15,10,9,,100,25,40,9,30,22,,1,11
12031001200,"Census Tract 12, Duval County, Florida",648,39,0,1969,29,191,71,56,37,27,40,94,24,236,21,18,160,385,134,155,582,1,560.9298715,243,32206,428.736,120.12,8,"Census Tract 12, Duval County, Florida",32206,33,9,1,18,4,10,8,13,8,16,5,16,25,14,11,16,33,36,34,43,15,13,72,100,18,55,14,33,25,,1,12
12031001300,"Census Tract 13, Duval County, Florida",1390,307,0,3676,58,122,96,4,8,14,66,42,18,826,106,59,127,584,243,349,361,1,1872.203436,474,32209,462.9,101.838,9,"Census Tract 13, Duval County, Florida",32209,71,61,1,34,8,6,10,2,3,9,8,8,19,55,50,53,26,56,37,37,27,31,45,100,57,100,29,71,46,,1,13
12031001400,"Census Tract 14, Duval County, Florida",1673,412,0,4878,71,87,16,71,0,0,52,106,19,718,67,64,285,551,464,531,574,1,1800.021871,508,32208,707.57,220.86,10,"Census Tract 14, Duval County, Florida",32208,86,82,1,45,9,5,3,17,1,1,7,18,20,47,32,57,61,53,58,79,50,47,71,100,54,100,29,77,58,,1,14
12031001500,"Census Tract 15, Duval County, Florida",2378,408,38,3784,68,84,26,45,13,0,203,0,0,769,73,111,160,554,556,629,,1,1540.287335,536,32209,476.595,233.625,11,"Census Tract 15, Duval County, Florida",32209,100,81,100,35,9,5,4,11,4,1,23,1,1,51,35,100,33,53,38,84,60,56,,100,47,100,38,81,74,,1,15
12031001600,"Census Tract 16, Duval County, Florida",843,143,0,1187,19,31,12,19,0,0,5,19,71,352,32,38,73,200,184,216,395,1,782.2359167,234,32209,168.36,47.58,12,"Census Tract 16, Duval County, Florida",32209,43,29,1,11,3,2,2,5,1,1,2,4,100,22,16,34,14,18,10,18,20,18,49,100,24,53,12,42,36,,1,16
12031002101,"Census Tract 21.01, Duval County, Florida",449,28,11,2838,26,222,113,79,30,0,34,21,0,155,130,22,16,159,249,379,,0,755.7625472,207,32205,415.428,53.26,13,"Census Tract 21.01, Duval County, Florida",32205,23,6,100,26,4,11,12,18,7,1,5,4,1,8,61,19,2,15,32,20,27,33,,0,23,47,7,17,25,,4,21.01
12031002102,"Census Tract 21.02, Duval County, Florida",155,0,0,2612,25,85,53,32,0,0,57,54,0,113,9,10,42,205,18,27,,0,212.3651532,136,32204,254.981,35.745,14,"Census Tract 21.02, Duval County, Florida",32204,7,1,1,24,4,5,6,8,1,1,7,9,1,5,5,8,8,19,18,14,2,1,,0,7,31,6,7,3,,1,21.02
12031002200,"Census Tract 22, Duval County, Florida",406,48,0,3940,51,270,149,121,0,0,59,12,0,127,35,11,171,448,149,184,,0,365.3885721,173,32205,528.15,3.521,15,"Census Tract 22, Duval County, Florida",32205,20,10,1,36,7,14,16,28,1,1,7,3,1,6,17,9,36,43,42,2,16,15,,0,12,39,12,14,10,,4,22
12031002300,"Census Tract 23, Duval County, Florida",82,15,0,1530,10,69,22,7,40,0,13,44,0,55,10,4,11,109,88,98,,0,121.7665438,44,32210,243.411,25.326,16,"Census Tract 23, Duval County, Florida",32210,4,4,1,14,2,4,3,3,9,1,2,8,1,1,6,3,1,10,17,10,10,8,,0,5,11,2,2,1,,4,23
12031002400,"Census Tract 24, Duval County, Florida",92,9,0,1681,6,101,92,9,0,0,21,10,3,105,23,3,15,97,127,150,,0,273.0362514,21,32210,152.582,0,17,"Census Tract 24, Duval County, Florida",32210,4,3,1,15,2,5,10,3,1,1,3,3,4,5,12,2,2,8,9,1,14,12,,0,9,6,1,2,1,,4,24
12031002501,"Census Tract 25.01, Duval County, Florida",1039,183,0,3654,63,336,201,18,106,11,80,149,0,896,13,38,205,659,166,179,,1,2561.926878,447,32204,594.36,59.436,18,"Census Tract 25.01, Duval County, Florida",32204,53,37,1,34,8,17,21,5,22,7,10,24,1,60,7,34,43,63,48,22,18,15,,100,77,100,34,65,39,,1,25.01
12031002502,"Census Tract 25.02, Duval County, Florida",529,214,0,3734,11,206,32,139,35,0,22,119,0,288,31,42,174,464,202,233,,0,684.1482544,104,32254,594.018,64.92,19,"Census Tract 25.02, Duval County, Florida",32254,27,43,1,34,2,11,4,31,8,1,3,20,1,17,15,37,36,44,48,24,22,20,,0,21,24,20,24,22,,1,25.02
12031002600,"Census Tract 26, Duval County, Florida",1711,275,0,3215,24,201,163,10,28,0,98,69,75,838,20,75,204,531,280,300,,1,2495.609276,413,32204,430.025,126.175,20,"Census Tract 26, Duval County, Florida",32204,88,55,1,30,4,10,17,3,7,1,12,12,100,56,10,67,43,51,34,46,31,26,,100,75,92,34,75,65,,1,26
12031002701,"Census Tract 27.01, Duval County, Florida",917,333,0,3180,8,59,51,8,0,0,90,35,0,513,27,54,116,250,240,267,,1,2113.294286,202,32209,401.76,62.775,21,"Census Tract 27.01, Duval County, Florida",32209,47,66,1,29,2,3,6,3,1,1,11,6,1,33,13,48,24,23,31,23,26,23,,100,64,46,19,56,34,,1,27.01
12031002702,"Census Tract 27.02, Duval County, Florida",1196,336,0,3586,136,232,223,2,7,0,54,108,0,619,56,56,260,432,358,414,323,1,1843.344353,196,32254,547.561,97.888,22,"Census Tract 27.02, Duval County, Florida",32254,61,67,1,33,16,12,23,1,2,1,7,18,1,41,27,50,55,41,44,36,39,37,40,100,56,44,26,59,41,,1,27.02
12031002801,"Census Tract 28.01, Duval County, Florida",1563,319,0,4526,0,24,14,10,0,0,65,58,0,787,96,60,355,422,226,322,,1,2892.6619,487,32209,679.272,153.384,23,"Census Tract 28.01, Duval County, Florida",32209,80,64,1,42,1,2,2,3,1,1,8,10,1,52,45,54,76,40,56,55,25,28,,100,87,100,26,77,53,,1,28.01
12031002802,"Census Tract 28.02, Duval County, Florida",1349,261,0,4295,36,126,79,31,16,0,38,62,0,1139,5,74,128,404,236,241,,1,1390.937435,493,32204,646.85,228.3,24,"Census Tract 28.02, Duval County, Florida",32204,69,52,1,39,5,7,9,8,4,1,5,11,1,77,3,66,26,38,53,82,26,21,,100,42,100,33,68,48,,1,28.02
12031002901,"Census Tract 29.01, Duval County, Florida",1784,269,0,3348,55,127,98,29,0,0,20,55,17,728,20,62,165,538,300,320,,1,738.9250732,497,32209,397.74,221.598,25,"Census Tract 29.01, Duval County, Florida",32209,91,54,1,31,7,7,11,7,1,1,3,10,18,48,10,55,35,51,31,79,33,28,,100,23,100,27,67,48,,1,29.01
12031002902,"Census Tract 29.02, Duval County, Florida",951,149,0,2828,8,14,8,0,6,0,83,0,0,780,23,50,145,476,203,226,,1,490.7339662,320,32204,487.256,57.178,26,"Census Tract 29.02, Duval County, Florida",32204,48,30,1,26,2,1,2,1,2,1,10,1,1,52,12,45,30,45,39,21,22,19,,100,16,72,24,49,32,,1,29.02
12031010101,"Census Tract 101.01, Duval County, Florida",590,182,0,6922,104,591,203,189,105,94,315,52,0,931,47,76,260,437,300,347,,0,0,64,32218,809.216,50.576,27,"Census Tract 101.01, Duval County, Florida",32218,30,37,1,64,13,30,21,42,22,54,36,9,1,62,23,68,55,42,67,19,33,30,,0,1,15,40,26,39,,5,101.01
12031010102,"Census Tract 101.02, Duval County, Florida",838,155,20,9060,48,695,333,219,104,39,412,108,0,1051,181,68,274,597,1038,1219,,0,2671.101365,46,32226,7244.51,246.791,28,"Census Tract 101.02, Duval County, Florida",32226,43,31,100,83,6,35,34,49,22,23,46,18,1,71,84,61,58,57,100,88,100,100,,0,80,11,47,40,62,,5,101.02
12031010103,"Census Tract 101.03, Duval County, Florida",257,129,0,5698,44,332,184,42,60,46,228,61,0,620,225,37,127,403,658,883,,0,0,30,32218,386.289,38.152,29,"Census Tract 101.03, Duval County, Florida",32218,13,26,1,52,6,17,19,10,13,27,26,10,1,41,100,33,26,38,30,14,71,80,,0,1,8,26,14,20,,5,101.03
12031010201,"Census Tract 102.01, Duval County, Florida",1159,328,0,9731,315,907,538,164,192,13,602,123,8,1467,281,85,371,1311,982,1263,,0,2408.320337,214,32226,1152.032,215.488,30,"Census Tract 102.01, Duval County, Florida",32226,59,65,1,89,37,46,54,37,39,8,67,20,9,100,100,76,79,100,98,77,100,100,,0,73,48,68,59,62,,5,102.01
12031010202,"Census Tract 102.02, Duval County, Florida",167,42,0,3212,79,129,97,0,32,0,70,56,19,326,23,28,25,124,160,183,,0,1025.992203,54,32218,280.665,66.825,31,"Census Tract 102.02, Duval County, Florida",32218,8,9,1,30,10,7,11,1,7,1,9,10,20,20,12,25,4,11,20,25,18,15,,0,31,13,12,13,13,,5,102.02
12031010301,"Census Tract 103.01, Duval County, Florida",353,69,0,4812,14,131,61,65,5,0,130,41,0,849,70,50,133,532,398,468,,0,0,26,32218,542.556,51.672,32,"Census Tract 103.01, Duval County, Florida",32218,18,15,1,44,3,7,7,15,2,1,15,7,1,57,33,45,28,51,44,19,43,42,,0,1,7,28,17,20,,5,103.01
12031010303,"Census Tract 103.03, Duval County, Florida",1041,324,0,7194,135,348,176,64,55,53,247,178,0,1387,73,87,253,610,437,510,538,1,2124.816689,173,32218,867.882,251.56,33,"Census Tract 103.03, Duval County, Florida",32218,53,65,1,66,16,18,18,15,12,31,28,29,1,94,35,78,54,58,73,90,48,45,66,100,64,39,50,67,58,,5,103.03
12031010304,"Census Tract 103.04, Duval County, Florida",1307,334,73,7424,37,257,239,18,0,0,82,64,5,799,143,95,224,944,589,732,,0,2683.525833,223,32218,782.895,280.06,34,"Census Tract 103.04, Duval County, Florida",32218,67,66,100,68,5,13,24,5,1,1,10,11,6,53,67,85,47,91,65,100,64,66,,0,81,50,43,59,67,,5,103.04
12031010401,"Census Tract 104.01, Duval County, Florida",535,141,0,3036,64,181,160,9,12,0,111,92,0,492,42,33,220,248,279,321,,1,773.0826955,219,32218,372.182,70.767,35,"Census Tract 104.01, Duval County, Florida",32218,27,29,1,28,8,9,17,3,3,1,13,15,1,32,20,29,46,23,29,26,31,28,,100,24,50,18,39,25,,5,104.01
12031010402,"Census Tract 104.02, Duval County, Florida",1413,233,12,3969,106,177,167,6,0,4,24,95,23,648,0,69,182,682,306,306,,1,1178.188552,90,32226,469.376,142.048,36,"Census Tract 104.02, Duval County, Florida",32226,72,47,100,36,13,9,17,2,1,3,4,16,24,43,1,62,38,65,37,51,33,27,,100,36,21,32,53,60,,5,104.02
12031010500,"Census Tract 105, Duval County, Florida",2117,834,0,15696,151,902,449,82,352,19,372,72,0,1876,236,157,556,1486,847,1083,284,0,4086.8859,209,32218,2319.68,250.42,37,"Census Tract 105, Duval County, Florida",32218,100,100,1,100,18,45,45,19,71,12,42,12,1,100,100,100,100,100,100,90,92,98,35,0,100,47,66,80,72,,5,105
12031010600,"Census Tract 106, Duval County, Florida",590,63,0,5327,44,207,147,60,0,0,53,26,97,1090,118,47,62,380,137,255,,0,0,62,32219,537.49,318.85,38,"Census Tract 106, Duval County, Florida",32219,30,13,1,49,6,11,15,14,1,1,7,5,100,74,55,42,12,36,43,100,15,22,,0,1,15,27,20,41,,5,106
12031010700,"Census Tract 107, Duval County, Florida",1329,254,0,5110,43,144,95,43,0,6,35,44,0,953,95,68,533,612,277,372,,1,2034.99676,136,32219,1087.367,224.243,39,"Census Tract 107, Duval County, Florida",32219,68,51,1,47,6,8,10,10,1,4,5,8,1,64,45,61,100,59,92,80,30,33,,100,61,31,33,61,53,,5,107
12031010800,"Census Tract 108, Duval County, Florida",1481,258,0,5019,14,74,66,8,0,0,77,27,218,840,32,80,150,400,113,145,,1,3331.065707,296,32208,860.874,146.265,40,"Census Tract 108, Duval County, Florida",32208,76,52,1,46,3,4,7,3,1,1,9,5,100,56,16,72,31,38,72,53,13,12,,100,100,67,29,74,65,,1,108
12031010900,"Census Tract 109, Duval County, Florida",209,58,0,3150,30,74,66,0,0,8,21,8,0,522,26,49,116,129,60,86,,1,1610.03747,92,32208,585.046,63.404,41,"Census Tract 109, Duval County, Florida",32208,10,12,1,29,4,4,7,1,1,6,3,2,1,34,13,44,24,12,47,23,7,6,,100,49,21,14,33,20,,1,109
12031011000,"Census Tract 110, Duval County, Florida",1137,307,0,4159,40,88,70,18,0,0,45,18,28,977,13,54,466,608,220,233,,1,1796.648922,173,32208,638.064,47.264,42,"Census Tract 110, Duval County, Florida",32208,58,61,1,38,6,5,8,5,1,1,6,4,29,66,7,48,100,58,52,18,24,20,,100,54,39,29,59,50,,1,110
12031011100,"Census Tract 111, Duval County, Florida",640,184,0,3026,82,125,105,20,0,0,31,83,27,431,72,33,134,321,218,290,,1,1201.893998,159,32208,439.775,22.617,43,"Census Tract 111, Duval County, Florida",32208,32,37,1,28,10,7,11,5,1,1,4,14,28,27,34,29,28,30,35,9,24,25,,100,37,36,16,40,29,,1,111
12031011200,"Census Tract 112, Duval County, Florida",809,186,0,2882,0,46,9,37,0,0,2,0,23,599,77,47,225,432,129,206,,1,882.1383838,65,32209,529.925,43.945,44,"Census Tract 112, Duval County, Florida",32209,41,37,1,27,1,3,2,9,1,1,1,1,24,39,36,42,48,41,43,17,14,17,,100,27,15,19,40,32,,1,112
12031011300,"Census Tract 113, Duval County, Florida",921,196,0,2684,0,19,9,10,0,0,0,0,11,420,66,48,155,180,270,336,,1,1817.398099,246,32209,395.944,124.308,45,"Census Tract 113, Duval County, Florida",32209,47,39,1,25,1,1,2,3,1,1,1,1,12,27,31,43,32,17,31,45,30,29,,100,55,55,13,50,32,,1,113
12031011400,"Census Tract 114, Duval County, Florida",521,139,0,2200,0,13,0,0,7,6,16,10,19,398,28,17,62,144,146,174,,1,263.2494562,134,32219,272.412,67.62,46,"Census Tract 114, Duval County, Florida",32219,26,28,1,20,1,1,1,1,2,4,3,3,20,25,14,15,12,13,20,25,16,14,,100,9,31,7,30,20,,5,114
12031011500,"Census Tract 115, Duval County, Florida",1895,382,0,4122,18,63,63,0,0,0,30,8,11,815,151,78,342,481,464,615,,1,2216.482639,495,32209,547.074,121.572,47,"Census Tract 115, Duval County, Florida",32209,97,76,1,38,3,4,7,1,1,1,4,2,12,54,71,70,73,46,44,44,50,55,,100,67,100,28,81,58,,1,115
12031011600,"Census Tract 116, Duval County, Florida",1370,295,0,3306,0,47,23,0,24,0,52,13,67,586,24,64,247,245,300,324,357,1,1296.886474,406,32209,624.025,201.65,48,"Census Tract 116, Duval County, Florida",32209,70,59,1,30,1,3,3,1,6,1,7,3,67,38,12,57,52,23,51,72,33,28,44,100,40,91,20,64,53,,1,116
12031011700,"Census Tract 117, Duval County, Florida",362,153,0,2708,93,274,163,98,13,0,21,87,132,554,24,42,84,409,347,371,,1,1344.602188,86,32220,311.985,106.306,49,"Census Tract 117, Duval County, Florida",32220,18,31,1,25,11,14,17,22,4,1,3,15,100,36,12,37,17,39,23,39,38,33,,100,41,20,22,37,39,,5,117
12031011800,"Census Tract 118, Duval County, Florida",1044,184,0,2629,17,93,55,15,0,23,34,9,0,642,79,31,238,226,236,315,236,1,616.2187829,137,32254,338.772,86.982,50,"Census Tract 118, Duval County, Florida",32254,53,37,1,24,3,5,6,4,1,14,5,2,1,42,37,27,50,21,26,32,26,27,30,100,19,31,15,42,29,,1,118
12031011901,"Census Tract 119.01, Duval County, Florida",1295,176,0,7301,186,519,134,348,37,0,204,94,17,921,104,68,398,959,499,603,,0,1924.822808,150,32220,828.713,187.519,51,"Census Tract 119.01, Duval County, Florida",32220,66,36,1,67,22,26,14,77,8,1,23,16,18,62,49,61,85,92,69,67,54,54,,0,58,34,46,46,48,,5,119.01
12031011902,"Census Tract 119.02, Duval County, Florida",1757,239,0,9854,921,1814,874,189,750,1,663,436,63,1699,93,52,271,845,921,1014,657,1,3727.823883,231,32221,852.072,253.983,52,"Census Tract 119.02, Duval County, Florida",32221,90,48,1,90,100,91,87,42,100,1,74,69,63,100,44,46,58,81,71,91,100,92,81,100,100,52,78,77,72,,4,119.02
12031011903,"Census Tract 119.03, Duval County, Florida",602,166,0,5111,262,488,78,60,350,0,360,127,56,555,68,30,106,522,217,285,,0,1323.359466,17,32221,414.687,66.885,53,"Census Tract 119.03, Duval County, Florida",32221,30,34,1,47,31,25,9,14,71,1,41,21,56,36,32,26,22,50,32,25,24,25,,0,40,5,32,24,32,,4,119.03
12031012000,"Census Tract 120, Duval County, Florida",686,193,0,4590,167,316,153,68,95,0,70,91,0,527,40,41,157,597,343,383,,1,526.7972431,143,32220,709.872,192.9,54,"Census Tract 120, Duval County, Florida",32220,35,39,1,42,20,16,16,16,20,1,9,15,1,34,19,36,33,57,59,69,37,34,,100,17,33,26,40,32,,5,120
12031012100,"Census Tract 121, Duval County, Florida",554,86,0,1612,42,132,92,8,32,0,48,86,0,448,15,20,80,256,123,138,,1,599.8139391,121,32236,235.564,67.116,55,"Census Tract 121, Duval County, Florida",32236,28,18,1,15,6,7,10,3,7,1,6,14,1,29,8,17,16,24,16,25,14,11,,100,19,28,14,32,18,,4,121
12031012200,"Census Tract 122, Duval County, Florida",2933,659,0,6568,296,801,303,71,225,202,177,275,82,1527,183,131,207,1275,922,1105,,1,3328.207692,471,32205,1008.9,270.81,56,"Census Tract 122, Duval County, Florida",32205,100,100,1,60,34,40,31,17,46,100,20,44,100,100,85,100,44,100,85,97,100,100,,100,100,100,67,100,100,,4,122
12031012300,"Census Tract 123, Duval County, Florida",807,232,0,3770,88,471,294,126,24,27,142,175,8,664,78,37,234,748,176,254,,1,1311.073153,196,32210,604.483,114.818,57,"Census Tract 123, Duval County, Florida",32210,41,46,1,35,11,24,30,29,6,16,17,28,9,44,37,33,50,72,49,42,19,22,,100,40,44,35,49,39,,4,123
12031012400,"Census Tract 124, Duval County, Florida",416,32,0,2628,55,146,100,29,17,0,108,19,0,369,48,15,131,306,115,163,316,1,715.2016779,75,32210,462.099,78.166,58,"Census Tract 124, Duval County, Florida",32210,21,7,1,24,7,8,100,7,4,1,13,4,1,23,23,13,27,29,37,29,13,13,39,100,22,18,13,27,15,,4,124
12031012500,"Census Tract 125, Duval County, Florida",1206,247,0,4010,213,431,174,50,207,0,129,148,18,633,68,81,76,643,486,554,,1,1248.963399,284,32210,438.272,99.296,59,"Census Tract 125, Duval County, Florida",32210,62,49,1,37,25,22,18,12,42,1,15,24,19,42,32,73,15,62,34,36,53,49,,100,38,64,39,59,41,,4,125
12031012601,"Census Tract 126.01, Duval County, Florida",699,159,0,2556,107,239,118,95,26,0,72,69,23,344,0,47,160,246,160,160,,1,1395.760578,176,32210,471.12,117.78,60,"Census Tract 126.01, Duval County, Florida",32210,35,32,1,24,13,12,13,22,6,1,9,12,24,21,1,42,33,23,37,43,18,13,,100,42,40,18,42,32,,4,126.01
12031012602,"Census Tract 126.02, Duval County, Florida",1080,356,0,5762,78,234,135,66,33,0,119,30,0,768,72,81,552,915,333,405,,1,1021.943433,280,32210,847.207,250.849,61,"Census Tract 126.02, Duval County, Florida",32210,55,71,1,53,10,12,14,15,8,1,14,6,1,51,34,73,100,88,71,90,36,36,,100,31,63,40,62,53,,4,126.02
12031012702,"Census Tract 127.02, Duval County, Florida",1181,217,0,5090,77,372,269,47,56,0,180,94,37,1059,149,60,343,606,611,760,,1,2201.871352,118,32210,484.88,221.54,62,"Census Tract 127.02, Duval County, Florida",32210,60,44,1,47,10,19,27,11,12,1,21,16,38,71,70,54,73,58,39,79,66,68,,100,66,27,39,58,53,,4,127.02
12031012703,"Census Tract 127.03, Duval County, Florida",845,175,0,4975,221,571,346,14,211,0,323,124,0,665,170,45,191,417,279,449,3,0,1858.374104,153,32221,784.392,136.416,63,"Census Tract 127.03, Duval County, Florida",32221,43,35,1,46,26,29,35,4,43,1,36,20,1,44,79,40,40,40,65,49,31,40,1,0,56,35,34,36,32,,4,127.03
12031012704,"Census Tract 127.04, Duval County, Florida",1030,250,0,5083,135,560,113,183,231,33,267,203,18,736,110,82,298,414,438,548,,1,1666.623344,72,32210,598.404,165.516,64,"Census Tract 127.04, Duval County, Florida",32210,52,50,1,47,16,28,12,41,47,20,30,33,19,49,52,74,63,39,49,60,48,49,,100,51,17,41,53,50,,4,127.04
12031012800,"Census Tract 128, Duval County, Florida",1629,353,0,6877,507,863,475,0,274,114,392,209,15,969,192,81,269,627,506,698,,1,2593.764558,198,32210,783.678,133.392,65,"Census Tract 128, Duval County, Florida",32210,83,70,1,63,58,44,48,1,56,66,44,34,16,65,89,73,57,60,65,48,55,63,,100,78,45,53,72,65,,4,128
12031012900,"Census Tract 129, Duval County, Florida",421,73,0,2685,122,288,154,10,84,40,106,88,49,411,24,15,83,265,232,256,433,0,652.1586462,32,32210,449.046,97.812,66,"Census Tract 129, Duval County, Florida",32210,21,15,1,25,15,15,16,3,18,24,13,15,50,26,12,13,17,25,35,36,25,22,54,0,20,8,16,14,25,,4,129
12031013000,"Census Tract 130, Duval County, Florida",88,5,0,2053,5,153,97,56,0,0,67,7,0,79,24,3,21,20,199,223,,0,269.0395396,11,32210,124.821,14.472,67,"Census Tract 130, Duval County, Florida",32210,4,2,1,19,2,8,11,13,1,1,8,2,1,3,12,2,3,1,7,6,22,19,,0,9,3,1,1,1,,4,130
12031013100,"Census Tract 131, Duval County, Florida",221,37,0,1910,6,46,11,27,8,0,12,20,0,148,35,8,48,133,161,196,,0,168.793645,40,32210,270.641,20.172,68,"Census Tract 131, Duval County, Florida",32210,11,8,1,18,2,3,2,7,3,1,2,4,1,8,17,6,9,12,20,8,18,17,,0,6,10,3,5,3,,4,131
12031013200,"Census Tract 132, Duval County, Florida",192,28,0,2576,19,303,87,188,0,28,50,130,0,789,36,14,55,82,230,266,,1,1415.445595,27,32212,61.695,22.85,69,"Census Tract 132, Duval County, Florida",32212,9,6,1,24,3,16,10,42,1,17,6,21,1,52,18,12,11,7,1,9,25,23,,100,43,7,17,27,15,,4,132
12031013300,"Census Tract 133, Duval County, Florida",957,322,0,7667,447,1212,687,107,418,0,614,165,44,917,93,82,510,762,620,713,,0,2877.384664,281,32244,730.284,51.248,70,"Census Tract 133, Duval County, Florida",32244,49,64,1,70,51,61,68,24,84,1,68,27,45,61,44,74,100,73,60,19,67,64,,0,87,63,61,56,58,,4,133
12031013402,"Census Tract 134.02, Duval County, Florida",1716,384,0,5021,225,520,269,91,150,10,274,246,49,1057,173,41,160,520,425,598,,1,2706.75788,107,32210,738.18,168.141,71,"Census Tract 134.02, Duval County, Florida",32210,88,76,1,46,26,26,27,21,31,7,31,39,50,71,81,36,33,50,61,60,46,53,,100,81,25,41,69,62,,4,134.02
12031013403,"Census Tract 134.03, Duval County, Florida",620,189,0,3222,146,375,174,6,116,79,157,49,0,386,0,39,188,468,73,73,,1,603.0433365,100,32210,577.114,202.847,72,"Census Tract 134.03, Duval County, Florida",32210,31,38,1,30,17,19,18,2,24,46,18,9,1,24,1,35,40,45,47,73,8,5,,100,19,100,23,48,36,,4,134.03
12031013404,"Census Tract 134.04, Duval County, Florida",321,175,0,2843,6,319,43,62,101,113,110,56,0,274,16,39,176,312,174,190,,1,1815.754483,94,32210,323.832,76.632,73,"Census Tract 134.04, Duval County, Florida",32210,16,35,1,26,2,16,5,15,21,65,13,10,1,16,8,35,37,29,24,28,19,16,,100,55,22,18,37,29,,4,134.04
12031013502,"Census Tract 135.02, Duval County, Florida",646,137,0,3439,227,683,444,132,107,0,278,170,0,438,105,46,156,378,279,384,,0,1125.223305,28,32244,406.992,38.064,74,"Census Tract 135.02, Duval County, Florida",32244,33,28,1,32,27,34,45,30,22,1,32,27,1,28,49,41,33,36,32,14,31,34,,0,34,7,32,23,22,,4,135.02
12031013503,"Census Tract 135.03, Duval County, Florida",1075,399,0,7860,513,1174,740,189,210,35,469,339,18,1089,123,94,377,1290,533,656,,1,3261.671301,260,32244,680.942,134.84,75,"Census Tract 135.03, Duval County, Florida",32244,55,79,1,72,59,59,74,42,43,21,52,54,19,73,58,85,81,100,56,49,58,59,,100,98,59,71,78,65,,4,135.03
12031013504,"Census Tract 135.04, Duval County, Florida",1308,322,109,5930,260,549,88,213,238,10,406,226,25,800,98,57,251,622,488,586,,1,1461.403058,57,32210,865.431,303.66,76,"Census Tract 135.04, Duval County, Florida",32210,67,64,100,54,30,28,10,48,48,7,46,36,26,53,46,51,53,59,72,100,53,52,,100,44,14,45,55,72,,4,135.04
12031013521,"Census Tract 135.21, Duval County, Florida",2704,662,0,10484,909,1796,880,419,497,0,772,480,0,1411,329,124,597,980,1501,1830,,1,4366.756255,391,32244,1247.247,161.514,77,"Census Tract 135.21, Duval County, Florida",32244,100,100,1,96,100,90,87,93,100,1,86,76,1,96,100,100,100,94,100,58,100,100,,100,100,88,92,97,84,,4,135.21
12031013522,"Census Tract 135.22, Duval County, Florida",401,41,0,3590,309,1025,468,245,170,142,346,338,0,478,49,51,139,444,210,259,,0,1334.197007,40,32244,388.492,131.586,78,"Census Tract 135.22, Duval County, Florida",32244,20,9,1,33,36,52,47,55,35,82,39,54,1,31,24,46,29,42,30,48,23,22,,0,41,10,43,20,32,,4,135.22
12031013721,"Census Tract 137.21, Duval County, Florida",1933,333,0,10898,636,1801,943,227,631,0,290,936,0,1813,275,81,242,1359,987,1262,364,0,3856.559154,42,32221,954.504,335.844,79,"Census Tract 137.21, Duval County, Florida",32221,99,66,1,100,73,90,93,51,100,1,33,100,1,100,100,73,51,100,80,100,100,100,45,0,100,10,84,65,62,,4,137.21
12031013723,"Census Tract 137.23, Duval County, Florida",1164,325,0,6971,308,861,595,82,97,87,351,171,17,868,194,91,307,319,537,731,536,0,1953.841372,146,32210,505.96,211.28,80,"Census Tract 137.23, Duval County, Florida",32210,59,65,1,64,36,43,59,19,20,50,40,28,18,58,90,82,65,30,40,76,58,66,66,0,59,33,46,49,55,,4,137.23
12031013726,"Census Tract 137.26, Duval County, Florida",1176,213,0,8124,733,1379,830,203,346,0,786,486,43,1080,51,80,378,780,471,522,,0,2933.910723,72,32244,621.18,0,81,"Census Tract 137.26, Duval County, Florida",32244,60,43,1,75,84,69,82,45,70,1,87,77,44,73,24,72,81,75,51,1,51,46,,0,88,17,77,49,58,,4,137.26
12031013727,"Census Tract 137.27, Duval County, Florida",807,287,0,7086,357,1312,750,190,327,45,677,191,76,425,108,56,259,639,526,634,510,0,1012.499869,0,32244,875.673,146.925,82,"Census Tract 137.27, Duval County, Florida",32244,41,57,1,65,41,66,75,43,66,27,75,31,100,27,51,50,55,61,73,53,57,57,63,0,31,1,52,30,55,,4,137.27
12031013800,"Census Tract 138, Duval County, Florida",81,15,0,3311,63,342,173,24,145,0,159,82,59,1054,24,24,98,81,420,444,,1,1859.930865,36,32228,102.996,5.722,83,"Census Tract 138, Duval County, Florida",32228,4,4,1,30,8,17,18,6,30,1,18,14,59,71,12,21,20,7,5,3,46,39,,100,56,9,23,32,27,,6,138
12031013901,"Census Tract 139.01, Duval County, Florida",595,85,0,5675,199,719,497,43,179,0,269,118,0,1191,33,38,122,595,157,190,,1,1357.201421,47,32233,830.72,41.536,84,"Census Tract 139.01, Duval County, Florida",32233,30,18,1,52,23,36,50,10,37,1,31,19,1,81,16,34,25,57,69,16,17,16,,100,41,11,42,40,32,,6,139.01
12031013902,"Census Tract 139.02, Duval County, Florida",574,194,0,5111,61,428,184,87,157,0,181,101,0,715,88,19,132,767,241,329,,0,1141.626734,275,32225,695.204,115.1,85,"Census Tract 139.02, Duval County, Florida",32225,29,39,1,47,8,22,19,20,32,1,21,17,1,47,42,16,27,74,57,42,26,29,,0,35,62,32,33,27,,2,139.02
12031013904,"Census Tract 139.04, Duval County, Florida",563,138,0,4109,117,412,126,68,203,15,303,66,68,438,29,41,113,722,279,308,,1,2041.063166,182,32233,726.18,130.34,86,"Census Tract 139.04, Duval County, Florida",32233,28,28,1,38,14,21,13,16,41,10,34,11,100,28,14,36,23,69,60,47,31,27,,100,62,41,32,46,46,,6,139.04
12031013905,"Census Tract 139.05, Duval County, Florida",176,0,10,4050,9,150,55,65,24,6,132,32,0,99,0,11,26,167,93,93,,0,398.1735908,9,32233,584.496,18.04,87,"Census Tract 139.05, Duval County, Florida",32233,8,1,100,37,2,8,6,15,6,4,15,6,1,4,1,9,4,15,47,7,10,7,,0,13,3,7,4,20,,6,139.05
12031013906,"Census Tract 139.06, Duval County, Florida",212,12,0,4326,182,340,182,35,108,15,211,35,0,177,0,12,72,175,156,156,113,0,660.3352848,24,32218,458.896,87.032,88,"Census Tract 139.06, Duval County, Florida",32218,10,3,1,40,22,17,19,9,23,10,24,6,1,10,1,10,14,16,36,32,17,13,14,0,21,6,12,7,8,,5,139.06
12031014001,"Census Tract 140.01, Duval County, Florida",630,0,0,4501,48,273,145,107,0,21,157,47,165,267,20,12,170,402,150,170,505,0,760.9528584,107,32266,442.104,0,89,"Census Tract 140.01, Duval County, Florida",32266,32,1,1,41,6,14,15,24,1,13,18,8,100,16,10,10,36,38,35,1,17,14,62,0,24,25,15,16,29,,6,140.01
12031014002,"Census Tract 140.02, Duval County, Florida",99,29,0,2279,0,103,24,60,0,19,50,34,9,63,33,5,35,168,150,183,,0,246.684481,26,32233,201.663,35.343,90,"Census Tract 140.02, Duval County, Florida",32233,5,7,1,21,1,6,3,14,1,12,6,6,10,2,16,4,6,15,13,13,17,15,,0,8,7,3,4,6,,6,140.02
12031014101,"Census Tract 141.01, Duval County, Florida",319,0,0,4483,34,325,187,96,42,0,171,101,146,269,85,19,98,248,212,297,,0,270.7423347,40,32250,499.11,11.79,91,"Census Tract 141.01, Duval County, Florida",32250,16,1,1,41,5,17,19,22,9,1,20,17,100,16,40,16,20,23,40,5,23,26,,0,9,10,16,8,25,,6,141.01
12031014102,"Census Tract 141.02, Duval County, Florida",191,0,0,4016,46,147,15,131,1,0,105,50,0,242,52,19,34,201,24,76,394,0,776.7524955,88,32216,898.162,101.466,92,"Census Tract 141.02, Duval County, Florida",32216,9,1,1,37,6,8,2,30,1,1,13,9,1,14,25,16,6,19,75,37,3,6,49,0,24,20,10,10,13,,2,141.02
12031014202,"Census Tract 142.02, Duval County, Florida",747,34,0,4358,174,467,238,168,0,61,254,212,24,481,41,19,170,546,222,263,,1,556.6736089,206,32250,869.82,120.118,93,"Census Tract 142.02, Duval County, Florida",32250,38,8,1,40,21,24,24,38,1,36,29,34,25,31,20,16,36,52,73,43,24,23,,100,18,47,29,34,34,,6,142.02
12031014203,"Census Tract 142.03, Duval County, Florida",180,0,0,4609,49,271,68,203,0,0,150,73,129,61,24,6,78,370,158,182,,0,287.6023018,161,32250,559.986,75.222,94,"Census Tract 142.03, Duval County, Florida",32250,9,1,1,42,7,14,8,45,1,1,17,12,100,1,12,5,16,35,45,28,17,15,,0,10,37,12,8,25,,6,142.03
12031014204,"Census Tract 142.04, Duval County, Florida",147,0,0,4713,39,429,35,300,94,0,270,195,24,161,110,17,49,71,408,518,,0,870.0313678,68,32250,363.66,71.06,95,"Census Tract 142.04, Duval County, Florida",32250,7,1,1,43,5,22,4,67,20,1,31,31,25,8,52,15,9,6,28,26,44,46,,0,27,16,17,8,13,,6,142.04
12031014311,"Census Tract 143.11, Duval County, Florida",1000,376,0,5040,469,1257,938,208,80,31,244,325,0,837,110,45,269,958,209,319,347,1,1838.918692,84,32225,658.144,176.064,96,"Census Tract 143.11, Duval County, Florida",32225,51,75,1,46,54,63,93,47,17,19,28,52,1,56,52,40,57,92,54,63,23,28,43,100,56,20,55,58,48,,2,143.11
12031014312,"Census Tract 143.12, Duval County, Florida",1240,177,0,6257,641,1440,963,94,323,60,631,428,0,624,215,35,150,590,636,851,85,0,1633.343336,35,32224,641.842,136.786,97,"Census Tract 143.12, Duval County, Florida",32224,63,36,1,57,73,72,95,22,65,35,70,68,1,41,100,31,31,56,52,49,69,77,11,0,50,9,56,34,39,,2,143.12
12031014326,"Census Tract 143.26, Duval County, Florida",457,66,0,7367,333,1264,241,419,604,0,624,303,122,506,196,36,170,422,615,811,,0,1000.120631,58,32224,573.848,117.378,98,"Census Tract 143.26, Duval County, Florida",32224,23,14,1,68,39,64,25,93,100,1,69,48,100,33,91,32,36,40,46,42,67,73,,0,31,14,47,20,41,,2,143.26
12031014328,"Census Tract 143.28, Duval County, Florida",325,0,0,6573,152,1281,240,430,439,172,745,248,95,452,82,27,161,513,647,729,,0,1180.765468,31,32225,816.96,27.6,99,"Census Tract 143.28, Duval County, Florida",32225,16,1,1,60,18,64,25,95,88,99,83,40,100,29,39,24,34,49,68,11,70,65,,0,36,8,47,16,46,,2,143.28
12031014329,"Census Tract 143.29, Duval County, Florida",31,0,0,3006,102,496,221,53,222,0,278,167,0,100,109,7,40,62,247,356,,0,117.772552,0,32225,323.02,13.025,100,"Census Tract 143.29, Duval County, Florida",32225,1,1,1,28,13,25,23,13,45,1,32,27,1,100,51,6,7,5,24,6,27,31,,0,5,1,30,10,15,,2,143.29
12031014330,"Census Tract 143.30, Duval County, Florida",301,16,0,4587,49,494,22,290,88,94,339,60,0,264,27,15,75,157,173,200,,0,483.5790816,9,32225,249.736,32.224,101,"Census Tract 143.30, Duval County, Florida",32225,15,4,1,42,7,25,3,65,19,54,38,10,1,16,13,13,15,14,18,12,19,17,,0,15,3,17,8,15,,2,143.3
12031014331,"Census Tract 143.31, Duval County, Florida",731,118,0,4520,510,902,786,55,61,0,302,420,0,611,39,34,53,569,348,387,,0,1465.391765,186,32224,522.58,10.812,102,"Census Tract 143.31, Duval County, Florida",32224,37,24,1,42,59,45,78,13,13,1,34,66,1,40,19,30,10,54,42,5,38,34,,0,45,42,44,32,25,,2,143.31
12031014332,"Census Tract 143.32, Duval County, Florida",535,37,83,7960,259,900,408,228,264,0,672,340,0,686,110,44,252,499,720,830,271,0,873.9201688,240,32224,761.94,190.485,103,"Census Tract 143.32, Duval County, Florida",32224,27,8,100,73,30,45,41,51,54,1,75,54,1,45,52,39,53,48,63,68,78,75,34,0,27,54,50,26,46,,2,143.32
12031014333,"Census Tract 143.33, Duval County, Florida",163,13,0,3234,98,222,181,18,0,23,199,46,11,335,25,23,117,394,149,174,,0,440.9151542,13,32225,402.002,45.296,104,"Census Tract 143.33, Duval County, Florida",32225,8,4,1,30,12,11,19,5,1,14,23,8,12,21,13,20,24,37,31,17,16,14,,0,14,4,18,8,13,,2,143.33
12031014334,"Census Tract 143.34, Duval County, Florida",440,81,13,4488,173,647,275,161,185,26,315,125,0,314,68,21,106,298,336,404,,0,1102.280852,23,32225,465,100.44,105,"Census Tract 143.34, Duval County, Florida",32225,22,17,100,41,21,33,28,36,38,16,36,20,1,19,32,18,22,28,37,37,37,36,,0,34,6,24,16,34,,2,143.34
12031014335,"Census Tract 143.35, Duval County, Florida",535,70,0,7845,444,1397,508,347,542,0,911,258,58,721,50,35,243,183,416,466,,0,1084.842487,53,32225,858.417,76.769,106,"Census Tract 143.35, Duval County, Florida",32225,27,15,1,72,51,70,51,77,100,1,100,41,58,48,24,31,51,17,72,28,45,41,,0,33,13,50,21,41,,2,143.35
12031014336,"Census Tract 143.36, Duval County, Florida",356,74,0,6890,583,1993,311,367,929,386,1089,333,0,850,29,38,252,448,316,345,282,0,1660.758312,19,32225,451.698,23.164,107,"Census Tract 143.36, Duval County, Florida",32225,18,16,1,63,67,100,31,81,100,100,100,53,1,57,14,34,53,43,36,9,35,30,35,0,50,5,64,23,36,,2,143.36
12031014337,"Census Tract 143.37, Duval County, Florida",1484,216,0,9584,1261,2887,626,664,1377,220,1738,945,11,923,182,59,303,634,605,787,,0,2300.622405,67,32225,995.764,171.402,108,"Census Tract 143.37, Duval County, Florida",32225,76,43,1,88,100,100,62,100,100,100,100,100,12,62,85,53,65,61,84,62,66,71,,0,69,16,80,46,67,,2,143.37
12031014338,"Census Tract 143.38, Duval County, Florida",552,145,0,4163,461,1155,658,111,356,30,427,297,272,405,15,44,89,527,253,268,,0,1183.204209,56,32225,692.566,79.772,109,"Census Tract 143.38, Duval County, Florida",32225,28,29,1,38,53,58,65,25,72,18,48,47,100,26,8,39,18,50,57,29,28,23,,0,36,13,44,24,43,,2,143.38
12031014401,"Census Tract 144.01, Duval County, Florida",2272,237,0,12904,2235,4213,3053,316,639,205,1045,2852,28,1301,163,122,499,1999,710,873,,1,4143.865047,164,32246,1699.002,314.199,110,"Census Tract 144.01, Duval County, Florida",32246,100,47,1,100,100,100,100,70,100,100,100,100,29,88,76,100,100,100,100,100,77,79,,100,100,37,100,80,91,,2,144.01
12031014404,"Census Tract 144.04, Duval County, Florida",305,27,0,8854,435,1764,891,526,267,80,798,480,0,339,91,27,356,633,271,362,,0,3215.351338,37,32224,591.336,238.177,111,"Census Tract 144.04, Duval County, Florida",32224,15,6,1,81,50,89,88,100,54,47,89,76,1,21,43,24,76,61,48,85,30,32,,0,97,9,60,26,36,,2,144.04
12031014406,"Census Tract 144.06, Duval County, Florida",301,12,18,7182,470,1414,239,631,443,101,892,388,0,307,38,31,85,280,397,435,,0,696.8788854,13,32256,651.984,31.96,112,"Census Tract 144.06, Duval County, Florida",32256,15,3,100,66,54,71,24,100,89,58,99,61,1,19,18,27,17,26,53,12,43,38,,0,22,4,49,11,41,,3,144.06
12031014408,"Census Tract 144.08, Duval County, Florida",523,149,0,4289,276,622,500,28,87,7,326,181,0,368,59,25,80,299,294,353,,0,1279.323669,113,32224,400.466,58.784,113,"Census Tract 144.08, Duval County, Florida",32224,26,30,1,39,32,31,50,7,18,5,37,29,1,23,28,22,16,28,31,22,32,31,,0,39,26,26,24,20,,2,144.08
12031014409,"Census Tract 144.09, Duval County, Florida",836,105,0,11129,548,1791,620,528,585,58,1036,371,18,571,109,54,249,1007,824,933,654,0,870.8882326,64,32224,876.09,82.998,114,"Census Tract 144.09, Duval County, Florida",32224,42,22,1,100,63,90,62,100,100,34,100,59,19,37,51,48,53,97,73,30,89,84,81,0,27,15,73,27,41,,2,144.09
12031014410,"Census Tract 144.10, Duval County, Florida",405,38,0,7538,172,633,160,265,208,0,561,241,0,273,224,38,197,410,364,588,,0,730.8873753,187,32250,969.397,135.58,115,"Census Tract 144.10, Duval County, Florida",32250,20,8,1,69,20,32,17,59,42,1,63,39,1,16,100,34,41,39,82,49,40,53,,0,23,42,36,18,25,,6,144.1
12031014411,"Census Tract 144.11, Duval County, Florida",596,14,0,7165,664,1596,608,756,145,87,574,961,0,422,158,53,130,444,414,572,,0,1545.075833,68,32256,1177.104,32.88,116,"Census Tract 144.11, Duval County, Florida",32256,30,4,1,66,76,80,61,100,30,50,64,100,1,27,74,47,27,42,100,13,45,51,,0,47,16,60,23,34,,3,144.11
12031014412,"Census Tract 144.12, Duval County, Florida",790,125,0,17178,1111,4620,1282,2039,1014,285,2193,1470,45,861,286,80,201,599,1627,1913,1027,0,0,38,32258,1260.846,14.661,117,"Census Tract 144.12, Duval County, Florida",32258,40,26,1,100,100,100,100,100,100,100,100,100,46,58,100,72,42,57,100,6,100,100,100,0,1,9,82,26,58,,3,144.12
12031014413,"Census Tract 144.13, Duval County, Florida",377,53,0,5291,527,1367,452,403,338,174,779,320,24,190,81,28,78,379,187,268,,0,1346.363169,43,32256,626.22,67.095,118,"Census Tract 144.13, Duval County, Florida",32256,19,11,1,49,60,69,45,89,68,100,86,51,25,10,38,25,16,36,51,25,21,23,,0,41,11,45,17,34,,3,144.13
12031014500,"Census Tract 145, Duval County, Florida",435,122,0,3727,279,904,352,394,133,25,649,266,11,580,29,39,160,511,164,193,,1,1390.762415,100,32246,588.348,39.888,119,"Census Tract 145, Duval County, Florida",32246,22,25,1,34,32,46,36,87,27,15,72,42,12,38,14,35,33,49,48,15,18,16,,100,42,100,46,49,36,,2,145
12031014601,"Census Tract 146.01, Duval County, Florida",329,27,0,5442,170,405,244,86,75,0,211,124,10,360,27,26,180,335,182,209,,0,0,16,32225,691.056,86.382,120,"Census Tract 146.01, Duval County, Florida",32225,16,6,1,50,20,21,25,20,16,1,24,20,11,22,13,23,38,32,57,32,20,18,,0,1,5,22,8,18,,2,146.01
12031014603,"Census Tract 146.03, Duval County, Florida",544,195,0,4630,437,962,526,204,71,161,515,171,89,785,88,56,155,370,573,661,,1,541.8783355,18,32225,603.003,64.752,121,"Census Tract 146.03, Duval County, Florida",32225,27,39,1,43,50,48,53,46,15,93,58,28,100,52,42,50,32,35,49,24,62,59,,100,17,5,44,37,58,,2,146.03
12031014604,"Census Tract 146.04, Duval County, Florida",793,225,0,4704,555,1170,528,194,358,90,289,736,0,437,141,56,227,677,488,629,,1,125.8413352,217,32225,503.844,79.116,122,"Census Tract 146.04, Duval County, Florida",32225,40,45,1,43,64,59,53,43,72,52,33,100,1,28,66,50,48,65,40,29,53,56,,100,5,49,56,43,43,,2,146.04
12031014701,"Census Tract 147.01, Duval County, Florida",804,397,0,7958,155,1113,697,245,76,95,568,207,0,902,175,99,162,580,659,834,,1,2810.695268,115,32277,1039.272,99.93,123,"Census Tract 147.01, Duval County, Florida",32277,41,79,1,73,18,56,69,55,16,55,63,33,1,60,82,89,34,55,88,36,72,75,,100,85,26,59,67,58,,2,147.01
12031014702,"Census Tract 147.02, Duval County, Florida",413,132,0,2779,176,540,120,86,127,207,236,183,10,196,43,22,97,275,259,302,,1,657.8355504,67,32277,270.02,96.268,124,"Census Tract 147.02, Duval County, Florida",32277,21,27,1,26,21,27,13,20,26,100,27,29,11,11,21,19,20,26,19,35,28,26,,100,21,16,21,29,32,,2,147.02
12031014800,"Census Tract 148, Duval County, Florida",1036,310,28,4805,274,666,280,94,222,70,170,390,33,612,41,43,314,541,446,487,,1,1810.902015,226,32277,451.568,104.208,125,"Census Tract 148, Duval County, Florida",32277,53,62,100,44,32,34,28,22,45,41,20,62,34,40,20,38,67,52,36,38,49,43,,100,55,51,40,58,67,,2,148
12031014901,"Census Tract 149.01, Duval County, Florida",775,259,0,5948,368,1030,583,101,332,14,278,443,29,737,83,50,327,696,462,545,,0,519.6741669,109,32277,697.585,78.675,126,"Census Tract 149.01, Duval County, Florida",32277,39,52,1,55,43,52,58,23,67,9,32,70,30,49,39,45,70,67,57,29,50,49,,0,16,25,52,32,43,,2,149.01
12031014902,"Census Tract 149.02, Duval County, Florida",589,338,0,6346,417,1296,549,353,273,121,744,423,39,393,151,86,237,694,612,763,292,0,1344.393161,131,32277,666.995,190.57,127,"Census Tract 149.02, Duval County, Florida",32277,30,67,1,58,48,65,55,78,55,70,83,67,40,25,71,77,50,66,55,68,66,69,36,0,41,30,64,39,55,,2,149.02
12031015001,"Census Tract 150.01, Duval County, Florida",974,212,9,5028,343,843,541,68,217,17,188,264,77,1113,161,32,176,964,536,697,583,0,961.4975926,166,32211,370.927,62.566,128,"Census Tract 150.01, Duval County, Florida",32211,50,43,100,46,40,42,54,16,44,11,22,42,100,75,75,28,37,93,28,23,58,63,72,0,30,38,49,39,65,,2,150.01
12031015002,"Census Tract 150.02, Duval County, Florida",505,119,0,4233,86,351,283,62,6,0,198,142,20,306,18,29,208,535,339,357,,0,1157.458447,66,32211,316.296,48.132,129,"Census Tract 150.02, Duval County, Florida",32211,25,24,1,39,11,18,29,15,2,1,23,23,21,19,9,26,44,51,24,18,37,31,,0,35,16,25,21,22,,2,150.02
12031015100,"Census Tract 151, Duval County, Florida",466,219,0,3815,337,763,721,0,42,0,275,246,85,559,99,29,155,661,497,596,,0,1446.704782,144,32211,617.162,67.82,130,"Census Tract 151, Duval County, Florida",32211,23,44,1,35,39,38,72,1,9,1,31,39,100,36,47,26,32,63,50,25,54,53,,0,44,33,38,30,43,,2,151
12031015200,"Census Tract 152, Duval County, Florida",517,103,0,2669,247,767,639,17,12,99,195,256,0,450,32,46,50,566,229,261,,1,171.3474743,148,32211,464,197.2,131,"Census Tract 152, Duval County, Florida",32211,26,21,1,25,29,39,64,5,3,57,22,41,1,29,16,41,9,54,37,71,25,22,,100,6,34,37,33,32,,2,152
12031015300,"Census Tract 153, Duval County, Florida",449,193,0,2738,65,248,120,12,13,103,183,98,82,466,21,20,268,439,477,498,,1,1057.770289,282,32211,409.53,136.51,132,"Census Tract 153, Duval County, Florida",32211,23,39,1,25,8,13,13,4,4,60,21,16,100,30,11,17,57,42,32,49,52,44,,100,32,63,21,42,50,,2,153
12031015400,"Census Tract 154, Duval County, Florida",503,53,0,2296,117,315,138,146,14,17,166,102,0,403,21,20,40,311,106,127,462,1,1317.89232,50,32211,284.345,115.699,133,"Census Tract 154, Duval County, Florida",32211,25,11,1,21,14,16,15,33,4,11,19,17,1,25,11,17,7,29,21,42,12,10,57,100,40,12,18,30,20,,2,154
12031015501,"Census Tract 155.01, Duval County, Florida",661,150,0,3116,214,609,232,150,83,144,303,275,0,594,0,27,228,576,167,167,,1,1165.75765,154,32211,432.9,219.225,134,"Census Tract 155.01, Duval County, Florida",32211,33,30,1,29,25,31,24,34,18,83,34,44,1,39,1,24,48,55,34,78,18,14,,100,36,35,37,40,41,,2,155.01
12031015502,"Census Tract 155.02, Duval County, Florida",1466,393,0,3971,124,447,294,49,0,104,244,236,211,780,78,71,257,594,492,570,,1,2719.090411,287,32211,557.196,91.292,135,"Census Tract 155.02, Duval County, Florida",32211,75,78,1,36,15,23,30,12,1,60,28,38,100,52,37,64,55,57,45,33,54,51,,100,82,65,43,74,74,,2,155.02
12031015600,"Census Tract 156, Duval County, Florida",432,133,0,4150,215,625,443,43,139,0,299,152,27,459,52,34,218,491,201,253,,1,1065.627688,153,32207,458.7,145.95,136,"Census Tract 156, Duval County, Florida",32207,22,27,1,38,25,32,44,10,29,1,34,25,28,29,25,30,46,47,36,53,22,22,,100,33,35,32,37,32,,2,156
12031015700,"Census Tract 157, Duval County, Florida",1116,200,26,4644,613,1068,699,89,192,88,531,453,0,810,207,54,69,757,481,688,,1,1495.037746,372,32216,813.447,109.269,137,"Census Tract 157, Duval County, Florida",32216,57,40,100,43,70,54,70,20,39,51,59,72,1,54,96,48,14,73,68,40,52,62,,100,45,83,60,59,65,,2,157
12031015801,"Census Tract 158.01, Duval County, Florida",803,154,0,6399,382,930,445,80,137,268,485,218,0,540,91,51,231,410,354,445,187,0,1529.892794,215,32216,1057.08,28.725,138,"Census Tract 158.01, Duval County, Florida",32216,41,31,1,59,44,47,45,19,28,100,54,35,1,35,43,46,49,39,89,11,39,39,24,0,46,49,42,34,41,,2,158.01
12031015802,"Census Tract 158.02, Duval County, Florida",1815,339,0,7339,941,2205,1132,520,247,306,657,1082,17,1456,114,77,277,1488,621,735,150,1,2978.166596,293,32216,900.581,246.202,139,"Census Tract 158.02, Duval County, Florida",32216,93,67,1,67,100,100,100,100,50,100,73,100,18,99,53,69,59,100,75,88,67,66,19,100,90,66,92,83,79,,2,158.02
12031015922,"Census Tract 159.22, Duval County, Florida",336,55,0,3142,181,498,175,296,27,0,147,261,0,313,50,44,27,345,169,219,,1,530.9193393,118,32256,529.063,111.074,140,"Census Tract 159.22, Duval County, Florida",32256,17,12,1,29,21,25,18,66,6,1,17,42,1,19,24,39,4,33,42,40,19,19,,100,17,27,27,29,20,,3,159.22
12031015923,"Census Tract 159.23, Duval County, Florida",2199,212,0,8879,298,1931,367,354,1191,19,812,1095,0,800,46,83,327,623,770,816,,0,1389.26823,102,32216,651.572,262.218,141,"Census Tract 159.23, Duval County, Florida",32216,100,43,1,81,35,97,37,79,100,12,90,100,1,53,22,75,70,60,53,94,84,73,,0,42,24,80,48,60,,2,159.23
12031015924,"Census Tract 159.24, Duval County, Florida",796,82,0,4338,325,730,355,124,240,11,348,301,0,590,78,20,54,599,364,442,,0,1474.58489,76,32255,507,66.3,142,"Census Tract 159.24, Duval County, Florida",32255,40,17,1,40,38,37,36,28,49,7,39,48,1,39,37,17,10,57,41,24,40,39,,0,45,18,39,26,25,,1,159.24
12031015925,"Census Tract 159.25, Duval County, Florida",1345,192,0,5134,769,1840,982,290,486,82,414,931,36,721,190,44,164,1184,622,812,,0,514.317378,76,32256,782.69,99.015,143,"Census Tract 159.25, Duval County, Florida",32256,69,39,1,47,88,92,97,65,98,48,46,100,37,48,88,39,34,100,65,36,68,73,,0,16,18,72,34,50,,3,159.25
12031015926,"Census Tract 159.26, Duval County, Florida",764,54,85,6327,322,1107,514,254,216,123,387,636,0,647,66,46,151,705,259,325,812,1,1983.320427,177,32256,813.845,46.84,144,"Census Tract 159.26, Duval County, Florida",32256,39,12,100,58,37,56,51,57,44,71,43,100,1,43,31,41,31,68,68,18,28,28,100,100,60,40,58,46,58,,3,159.26
12031016000,"Census Tract 160, Duval County, Florida",1952,345,0,6742,1377,2560,1073,1014,284,189,668,1128,73,1096,175,34,207,1311,780,955,,1,887.5987412,240,32216,1122.94,67.87,145,"Census Tract 160, Duval County, Florida",32216,100,69,1,62,100,100,100,100,58,100,74,100,100,74,82,30,44,100,95,25,85,86,,100,27,54,81,67,86,,2,160
12031016100,"Census Tract 161, Duval County, Florida",2073,505,0,7982,2286,4069,2067,1118,719,165,902,1980,36,1843,39,58,330,1468,627,666,,1,2534.618558,481,32207,1033.968,79.536,146,"Census Tract 161, Duval County, Florida",32207,100,100,1,73,100,100,100,100,100,95,100,100,37,100,19,52,70,100,87,29,68,60,,100,76,100,94,91,91,,2,161
12031016200,"Census Tract 162, Duval County, Florida",521,88,5,2159,685,876,602,26,248,0,108,674,14,552,101,19,69,568,149,250,,1,567.1222409,240,32216,312.34,38.8,147,"Census Tract 162, Duval County, Florida",32216,26,18,100,20,78,44,60,7,50,1,13,100,15,36,48,16,14,54,23,15,16,21,,100,18,54,43,36,43,,2,162
12031016300,"Census Tract 163, Duval County, Florida",668,153,0,2013,351,499,259,27,149,64,62,258,0,473,43,15,58,297,211,254,,1,641.1175061,91,32217,298.751,31.711,148,"Census Tract 163, Duval County, Florida",32217,34,31,1,19,41,25,26,7,31,37,8,41,1,30,21,13,11,28,22,12,23,22,,100,20,21,22,34,25,,3,163
12031016400,"Census Tract 164, Duval County, Florida",629,44,0,5516,107,502,183,237,82,0,242,110,25,333,20,29,191,899,270,290,,0,1002.53335,152,32207,601.75,57.768,149,"Census Tract 164, Duval County, Florida",32207,32,10,1,51,13,25,19,53,17,1,28,18,26,20,10,26,40,86,49,21,30,25,,0,31,35,33,23,25,,2,164
12031016500,"Census Tract 165, Duval County, Florida",529,112,0,5096,289,744,220,68,71,385,439,165,0,384,66,28,154,627,254,320,552,0,389.1046427,127,32207,535.788,44.28,150,"Census Tract 165, Duval County, Florida",32207,27,23,1,47,34,38,23,16,15,100,49,27,1,24,31,25,32,60,43,17,28,28,68,0,13,29,36,20,32,,2,165
12031016601,"Census Tract 166.01, Duval County, Florida",1035,224,0,5572,785,1575,1252,165,140,18,140,1016,10,1263,37,75,229,1039,416,453,,1,3641.380352,466,32216,851.916,203.073,151,"Census Tract 166.01, Duval County, Florida",32216,53,45,1,51,90,79,100,37,29,11,16,100,11,86,18,67,48,100,71,73,45,40,,100,100,100,76,77,60,,2,166.01
12031016603,"Census Tract 166.03, Duval County, Florida",318,32,0,3198,180,620,167,248,48,157,240,81,0,215,42,12,142,298,157,199,,0,457.8871275,62,32217,464.96,55.214,152,"Census Tract 166.03, Duval County, Florida",32217,16,7,1,29,21,31,17,55,11,90,27,14,1,12,20,10,30,28,37,21,17,17,,0,15,15,18,10,20,,3,166.03
12031016604,"Census Tract 166.04, Duval County, Florida",775,144,0,4330,402,995,543,253,144,55,450,262,0,458,69,15,109,580,150,219,,0,1498.768644,135,32217,533.899,69.138,153,"Census Tract 166.04, Duval County, Florida",32217,39,29,1,40,46,50,54,56,30,32,50,42,1,29,33,13,22,55,43,25,17,19,,0,46,31,39,29,29,,3,166.04
12031016711,"Census Tract 167.11, Duval County, Florida",243,7,0,3931,103,462,35,104,157,166,247,142,0,157,60,20,75,113,208,268,,0,285.9435747,9,32257,270.914,0,154,"Census Tract 167.11, Duval County, Florida",32257,12,2,1,36,13,23,4,24,32,95,28,23,1,8,29,17,15,10,20,1,23,23,,0,9,3,16,5,15,,3,167.11
12031016722,"Census Tract 167.22, Duval County, Florida",637,348,0,7556,1336,2307,1010,1141,124,32,1013,956,0,795,134,61,169,1120,565,699,296,0,1638.678662,163,32257,514.685,260.6,155,"Census Tract 167.22, Duval County, Florida",32257,32,69,1,69,100,100,100,100,26,19,100,100,1,53,63,55,35,100,41,93,61,63,37,0,50,37,86,43,48,,3,167.22
12031016724,"Census Tract 167.24, Duval County, Florida",712,54,0,5049,610,1238,673,452,91,22,554,444,40,503,52,44,224,817,239,291,407,1,1325.857883,200,32241,707.746,130.26,156,"Census Tract 167.24, Duval County, Florida",32241,36,12,1,46,70,62,67,100,19,14,62,70,41,32,25,39,47,78,58,47,26,25,50,100,40,45,57,42,41,,3,167.24
12031016725,"Census Tract 167.25, Duval County, Florida",436,101,0,3917,423,764,287,212,130,135,571,152,0,451,100,45,120,606,313,413,,1,1362.071633,184,32217,439.503,190.792,157,"Census Tract 167.25, Duval County, Florida",32217,22,21,1,36,49,39,29,47,27,78,64,25,1,29,100,40,25,58,35,68,34,36,,100,41,42,41,40,36,,3,167.25
12031016726,"Census Tract 167.26, Duval County, Florida",252,74,0,3786,381,931,476,352,60,43,152,466,0,394,73,18,83,508,228,301,404,0,182.7194659,133,32257,507.78,65.1,158,"Census Tract 167.26, Duval County, Florida",32257,12,16,1,35,44,47,48,78,13,25,18,74,1,25,35,16,17,48,41,24,25,26,50,0,6,30,37,14,20,,3,167.26
12031016727,"Census Tract 167.27, Duval County, Florida",197,9,0,3107,427,690,263,378,49,0,201,341,0,427,19,25,25,533,135,154,,1,291.3231478,300,32257,395.568,68.675,159,"Census Tract 167.27, Duval County, Florida",32257,10,3,1,29,49,35,27,84,11,1,23,54,1,27,10,22,4,51,31,25,15,13,,100,10,67,34,32,18,,3,167.27
12031016728,"Census Tract 167.28, Duval County, Florida",122,88,0,4410,395,1030,345,340,197,148,413,283,9,307,79,32,68,354,284,363,,0,595.4792161,5,32257,340.384,42.548,160,"Census Tract 167.28, Duval County, Florida",32257,6,18,1,41,46,52,35,75,40,85,46,45,10,19,37,28,13,33,26,16,31,32,,0,19,2,36,11,25,,3,167.28
12031016729,"Census Tract 167.29, Duval County, Florida",737,65,0,6141,431,1203,319,614,21,249,514,444,36,552,71,27,228,721,347,418,,0,918.3668348,60,32257,701.767,69.641,161,"Census Tract 167.29, Duval County, Florida",32257,37,14,1,56,50,60,32,100,5,100,57,70,37,36,34,24,48,69,58,26,38,37,,0,28,14,53,21,43,,3,167.29
12031016801,"Census Tract 168.01, Duval County, Florida",121,0,0,2315,100,299,76,117,84,22,228,55,0,123,16,2,78,185,63,79,,0,159.4852032,37,32223,233.1,8.4,162,"Census Tract 168.01, Duval County, Florida",32223,6,1,1,21,100,15,8,27,18,14,26,10,1,6,8,1,16,17,16,4,7,6,,0,6,9,9,2,6,,3,168.01
12031016803,"Census Tract 168.03, Duval County, Florida",346,67,0,6448,61,523,35,288,116,84,408,167,0,439,74,12,124,470,320,394,,0,574.6770396,19,32258,637.12,75.296,163,"Census Tract 168.03, Duval County, Florida",32258,17,14,1,59,8,26,4,64,24,49,46,27,1,28,35,10,26,45,52,28,35,35,,0,18,5,28,13,22,,3,168.03
12031016804,"Census Tract 168.04, Duval County, Florida",260,30,0,6792,139,429,162,157,39,71,370,41,19,327,66,24,152,215,401,467,,0,544.0683104,19,32223,524.664,0,164,"Census Tract 168.04, Duval County, Florida",32223,13,7,1,62,17,22,17,35,9,41,42,7,20,20,31,21,32,20,42,1,44,41,,0,17,5,20,10,20,,3,168.04
12031016805,"Census Tract 168.05, Duval County, Florida",373,21,0,6914,813,1618,534,161,684,239,1088,464,0,369,154,24,147,647,604,758,,0,851.5267402,39,32258,639.612,52.812,165,"Census Tract 168.05, Duval County, Florida",32258,19,5,1,63,93,81,53,36,100,100,100,73,1,23,72,21,31,62,52,20,66,68,,0,26,10,60,14,34,,3,168.05
12031016806,"Census Tract 168.06, Duval County, Florida",792,152,0,13103,877,2386,321,1129,705,231,1216,707,12,616,563,76,348,1433,1489,2052,,0,2052.316905,73,32258,1591.064,35.097,166,"Census Tract 168.06, Duval County, Florida",32258,40,31,1,100,100,100,32,100,100,100,100,100,13,40,100,68,74,100,100,13,100,100,,0,62,17,86,37,58,,3,168.06
12031016807,"Census Tract 168.07, Duval County, Florida",743,30,0,3875,435,942,340,350,199,53,469,393,6,284,47,26,33,422,279,326,,0,1121.218518,97,32258,472.899,22.519,167,"Census Tract 168.07, Duval County, Florida",32258,38,7,1,36,50,47,34,78,41,31,52,62,7,17,23,23,6,40,37,9,31,28,,0,34,22,39,20,22,,3,168.07
12031016808,"Census Tract 168.08, Duval County, Florida",316,67,0,3416,324,804,409,228,167,0,322,214,11,297,37,13,76,480,130,167,,0,676.9670106,67,32223,538.074,66.132,168,"Census Tract 168.08, Duval County, Florida",32223,16,14,1,31,38,41,41,51,34,1,36,34,12,18,18,11,15,46,43,24,14,14,,0,21,16,29,14,18,,3,168.08
12031017100,"Census Tract 171, Duval County, Florida",1065,74,0,5671,143,369,257,99,13,0,143,158,12,600,54,14,179,468,212,266,225,0,726.0915539,655,32204,805.19,49.635,169,"Census Tract 171, Duval County, Florida",32204,54,16,1,52,17,19,26,23,4,1,17,26,13,39,26,12,38,45,67,19,23,23,28,0,23,100,24,36,27,,1,171
12031017200,"Census Tract 172, Duval County, Florida",847,34,0,1901,62,254,49,64,141,0,134,150,0,284,7,7,65,447,116,123,,1,966.0398018,427,32205,461.264,72.64,170,"Census Tract 172, Duval County, Florida",32205,43,8,1,18,8,13,6,15,29,1,16,24,1,17,4,6,13,42,36,27,13,10,,100,30,96,18,43,22,,4,172
12031017300,"Census Tract 173, Duval County, Florida",984,199,0,6414,86,220,134,74,3,9,323,257,41,1028,79,49,188,489,406,485,542,0,0,193,32220,865.018,123.574,171,"Census Tract 173, Duval County, Florida",32220,50,40,1,59,11,11,14,17,2,6,36,41,42,69,37,44,40,47,72,45,44,43,67,0,1,44,40,33,43,,5,173
12031017400,"Census Tract 174, Duval County, Florida",1009,140,0,2302,40,115,38,49,0,28,0,29,19,542,59,51,180,383,158,217,51,1,2077.743683,291,32202,226.78,146.625,172,"Census Tract 174, Duval County, Florida",32202,51,28,1,21,6,6,5,12,1,17,1,6,20,35,28,46,38,36,16,53,17,18,7,100,63,65,20,53,34,,1,174
